日期,馬場,場次,班次,距離,賽道,場地狀況,獎金,完成時間,名次,馬號,馬名,馬匹編號,騎師,練馬師,獨贏賠率,實際負磅,排位體重,檔位,頭馬距離,沿途走位,是否第一,平均走位,马匹胜率,平均完成时间,平均赔率
26/02/2025,跑馬地,1,第一班,1200米,"草地 - ""C"" 賽道 HK$",好地 藍塘讓,"HK$ 3,720,000",,1,4,小霸王,G265,蔡明紹,告東尼,119,1182.0,3.0,,231,[],1,0,1.0,,119.0
26/02/2025,跑馬地,1,第一班,1200米,"草地 - ""C"" 賽道 HK$",好地 藍塘讓,"HK$ 3,720,000",,2,3,合夥奔馳,H408,莫雅,呂健威,131,1135.0,4.0,,112,[],0,0,0.0,,131.0
26/02/2025,跑馬地,1,第一班,1200米,"草地 - ""C"" 賽道 HK$",好地 藍塘讓,"HK$ 3,720,000",,3,5,勇敢巨星,G268,艾兆禮,呂健威,116,1104.0,1.0,,323,[],0,0,0.0,,116.0
26/02/2025,跑馬地,1,第一班,1200米,"草地 - ""C"" 賽道 HK$",好地 藍塘讓,"HK$ 3,720,000",,4,2,精算暴雪,H368,布文,蔡約翰,132,1106.0,2.0,2.0,554,[],0,0,0.0,,132.0
26/02/2025,跑馬地,1,第一班,1200米,"草地 - ""C"" 賽道 HK$",好地 藍塘讓,"HK$ 3,720,000",,5,1,神虎龍駒,H164,艾道拿,伍鵬志,135,1049.0,5.0,,445,[],0,0,0.0,,135.0
26/02/2025,跑馬地,2,第四班,2200米,"草地 - ""C"" 賽道 HK$",好地 毓秀讓,"HK$ 1,170,000",,1,5,八駿笑昇,H296,班德禮,告東尼,127,1120.0,1.0,,444441,[],1,0,1.0,,127.0
26/02/2025,跑馬地,2,第四班,2200米,"草地 - ""C"" 賽道 HK$",好地 毓秀讓,"HK$ 1,170,000",,2,12,客家之光,J105,巴度,沈集成,117,1141.0,3.0,1.0,233322,[],0,0,0.0,,117.0
26/02/2025,跑馬地,2,第四班,2200米,"草地 - ""C"" 賽道 HK$",好地 毓秀讓,"HK$ 1,170,000",,3,7,小飛俠,J224,艾道拿,蔡約翰,125,1130.0,7.0,,111113,[],0,0,0.0,,125.0
26/02/2025,跑馬地,2,第四班,2200米,"草地 - ""C"" 賽道 HK$",好地 毓秀讓,"HK$ 1,170,000",,4,11,管之友,E496,田泰安,賀賢,118,1139.0,5.0,2.0,1077784,[],0,0,0.0,,118.0
26/02/2025,跑馬地,2,第四班,2200米,"草地 - ""C"" 賽道 HK$",好地 毓秀讓,"HK$ 1,170,000",2.7e-08,5,1,富喜來,H213,麥當能,沈集成,135,1106.0,2.0,,666555,[],0,0,0.0,2.7e-08,135.0
26/02/2025,跑馬地,2,第四班,2200米,"草地 - ""C"" 賽道 HK$",好地 毓秀讓,"HK$ 1,170,000",1.4e-08,6,2,發財鴻星,J210,布文,廖康銘,134,1133.0,11.0,3.0,810101096,[],0,0,0.0,1.4e-08,134.0
26/02/2025,跑馬地,2,第四班,2200米,"草地 - ""C"" 賽道 HK$",好地 毓秀讓,"HK$ 1,170,000",2.6e-08,7,8,多多勇駒,G144,湯普新,鄭俊偉,125,1041.0,4.0,,555667,[],0,0,0.0,2.6e-08,125.0
26/02/2025,跑馬地,2,第四班,2200米,"草地 - ""C"" 賽道 HK$",好地 毓秀讓,"HK$ 1,170,000",4.4e-08,8,9,躡景追飛,E478,巫顯東,沈集成,118,1061.0,6.0,,322238,[],0,0,0.0,4.4e-08,118.0
26/02/2025,跑馬地,2,第四班,2200米,"草地 - ""C"" 賽道 HK$",好地 毓秀讓,"HK$ 1,170,000",1.7e-08,9,10,幸運同行,J331,蔡明紹,蔡約翰,120,1010.0,9.0,,12121212129,[],0,0,0.0,1.7e-08,120.0
26/02/2025,跑馬地,2,第四班,2200米,"草地 - ""C"" 賽道 HK$",好地 毓秀讓,"HK$ 1,170,000",9.8e-08,10,6,幻影旋風,J271,周俊樂,容天鵬,124,1107.0,8.0,6.0,78991010,[],0,0,0.0,9.8e-08,124.0
26/02/2025,跑馬地,2,第四班,2200米,"草地 - ""C"" 賽道 HK$",好地 毓秀讓,"HK$ 1,170,000",,11,4,亞福得寶,J242,莫雅,大衛希斯,127,1235.0,10.0,,9988711,[],0,0,0.0,,127.0
26/02/2025,跑馬地,2,第四班,2200米,"草地 - ""C"" 賽道 HK$",好地 毓秀讓,"HK$ 1,170,000",2.4e-08,12,3,光明傳承,J215,艾兆禮,葉楚航,131,1109.0,12.0,8.0,111111111112,[],0,0,0.0,2.4e-08,131.0
26/02/2025,跑馬地,3,第三班,1650米,"草地 - ""C"" 賽道 HK$",好地 聚文讓,"HK$ 2,050,000",,1,3,太陽勇士,J127,莫雅,大衛希斯,129,1117.0,1.0,,2331,[],1,0,1.0,,129.0
26/02/2025,跑馬地,3,第三班,1650米,"草地 - ""C"" 賽道 HK$",好地 聚文讓,"HK$ 2,050,000",2.3e-08,2,4,浪漫老撾,G476,梁家俊,巫偉傑,125,1184.0,6.0,1.0,8872,[],0,0,0.0,2.3e-08,125.0
26/02/2025,跑馬地,3,第三班,1650米,"草地 - ""C"" 賽道 HK$",好地 聚文讓,"HK$ 2,050,000",5.9e-08,3,8,中華英雄,G402,希威森,大衛希斯,117,1110.0,3.0,,6663,[],0,0,0.0,5.9e-08,117.0
26/02/2025,跑馬地,3,第三班,1650米,"草地 - ""C"" 賽道 HK$",好地 聚文讓,"HK$ 2,050,000",1.2e-08,4,7,銀進,G266,田泰安,方嘉柏,117,1128.0,8.0,,9994,[],0,0,0.0,1.2e-08,117.0
26/02/2025,跑馬地,3,第三班,1650米,"草地 - ""C"" 賽道 HK$",好地 聚文讓,"HK$ 2,050,000",,5,2,赤兔猴王,H188,艾道拿,告東尼,130,1086.0,7.0,,4445,[],0,0,0.0,,130.0
26/02/2025,跑馬地,3,第三班,1650米,"草地 - ""C"" 賽道 HK$",好地 聚文讓,"HK$ 2,050,000",1e-08,6,5,我做到,H381,艾兆禮,伍鵬志,123,1091.0,4.0,,5556,[],0,0,0.0,1e-08,123.0
26/02/2025,跑馬地,3,第三班,1650米,"草地 - ""C"" 賽道 HK$",好地 聚文讓,"HK$ 2,050,000",2.8e-08,7,6,風再起時,J534,班德禮,容天鵬,118,1280.0,5.0,,3227,[],0,0,0.0,2.8e-08,118.0
26/02/2025,跑馬地,3,第三班,1650米,"草地 - ""C"" 賽道 HK$",好地 聚文讓,"HK$ 2,050,000",1.4e-08,8,9,精算謀略,H237,巴度,蔡約翰,115,1153.0,2.0,,7788,[],0,0,0.0,1.4e-08,115.0
26/02/2025,跑馬地,3,第三班,1650米,"草地 - ""C"" 賽道 HK$",好地 聚文讓,"HK$ 2,050,000",1.5e-08,9,1,電訊巴打,D482,布文,徐雨石,135,1128.0,9.0,,1119,[],0,0,0.0,1.5e-08,135.0
26/02/2025,跑馬地,4,第四班,1200米,"草地 - ""C"" 賽道 HK$",好地 宏德讓,"HK$ 1,170,000",,1,8,超強六十,J071,巴度,方嘉柏,121,1063.0,2.0,,541,[],1,0,1.0,,121.0
26/02/2025,跑馬地,4,第四班,1200米,"草地 - ""C"" 賽道 HK$",好地 宏德讓,"HK$ 1,170,000",1.9e-08,2,2,樂加福,G244,班德禮,韋達,129,1071.0,6.0,,992,[],0,0,0.0,1.9e-08,129.0
26/02/2025,跑馬地,4,第四班,1200米,"草地 - ""C"" 賽道 HK$",好地 宏德讓,"HK$ 1,170,000",1e-08,3,6,新力,H325,楊明綸,鄭俊偉,121,1099.0,9.0,,323,[],0,0,0.0,1e-08,121.0
26/02/2025,跑馬地,4,第四班,1200米,"草地 - ""C"" 賽道 HK$",好地 宏德讓,"HK$ 1,170,000",1.7e-08,4,3,越駿知己,G033,蔡明紹,羅富全,124,1165.0,11.0,,11114,[],0,0,0.0,1.7e-08,124.0
26/02/2025,跑馬地,4,第四班,1200米,"草地 - ""C"" 賽道 HK$",好地 宏德讓,"HK$ 1,170,000",5.4e-08,5,7,大千絕塵,K051,梁家俊,黎昭昇,121,1200.0,4.0,,775,[],0,0,0.0,5.4e-08,121.0
26/02/2025,跑馬地,4,第四班,1200米,"草地 - ""C"" 賽道 HK$",好地 宏德讓,"HK$ 1,170,000",1e-08,6,4,洛河,J308,周俊樂,丁冠豪,121,1171.0,1.0,,466,[],0,0,0.0,1e-08,121.0
26/02/2025,跑馬地,4,第四班,1200米,"草地 - ""C"" 賽道 HK$",好地 宏德讓,"HK$ 1,170,000",,7,1,怡昌精神,H379,莫雅,沈集成,135,1242.0,7.0,,10107,[],0,0,0.0,,135.0
26/02/2025,跑馬地,4,第四班,1200米,"草地 - ""C"" 賽道 HK$",好地 宏德讓,"HK$ 1,170,000",4e-09,8,5,旅遊高球,H063,希威森,廖康銘,123,1116.0,3.0,4.0,888,[],0,0,0.0,4e-09,123.0
26/02/2025,跑馬地,4,第四班,1200米,"草地 - ""C"" 賽道 HK$",好地 宏德讓,"HK$ 1,170,000",2.9e-08,9,10,妙玲瓏,H068,艾兆禮,巫偉傑,117,1162.0,10.0,4.0,659,[],0,0,0.0,2.9e-08,117.0
26/02/2025,跑馬地,4,第四班,1200米,"草地 - ""C"" 賽道 HK$",好地 宏德讓,"HK$ 1,170,000",6.6e-08,10,12,鑽石寶寶,G063,湯普新,姚本輝,116,1192.0,12.0,,1110,[],0,0,0.0,6.6e-08,116.0
26/02/2025,跑馬地,4,第四班,1200米,"草地 - ""C"" 賽道 HK$",好地 宏德讓,"HK$ 1,170,000",2.4e-08,11,9,寶麗生輝,E323,賀銘年,大衛希斯,119,1051.0,5.0,,2311,[],0,0,0.0,2.4e-08,119.0
26/02/2025,跑馬地,4,第四班,1200米,"草地 - ""C"" 賽道 HK$",好地 宏德讓,"HK$ 1,170,000",3.6e-08,12,11,專家,J028,田泰安,賀賢,117,1128.0,8.0,,121212,[],0,0,0.0,3.6e-08,117.0
26/02/2025,跑馬地,5,第一班,1650米,"草地 - ""C"" 賽道 HK$",好地 山光讓,"HK$ 4,075,000",,1,4,智取神駒,H474,莫雅,沈集成,129,1084.0,3.0,,5551,[],1,0,1.0,,129.0
26/02/2025,跑馬地,5,第一班,1650米,"草地 - ""C"" 賽道 HK$",好地 山光讓,"HK$ 4,075,000",7e-09,2,3,喜蓮勇感,H215,班德禮,沈集成,129,1252.0,8.0,,1112,[],0,0,0.0,7e-09,129.0
26/02/2025,跑馬地,5,第一班,1650米,"草地 - ""C"" 賽道 HK$",好地 山光讓,"HK$ 4,075,000",1.1e-08,3,7,常拼常勇,E306,周俊樂,姚本輝,120,1126.0,7.0,,9983,[],0,0,0.0,1.1e-08,120.0
26/02/2025,跑馬地,5,第一班,1650米,"草地 - ""C"" 賽道 HK$",好地 山光讓,"HK$ 4,075,000",,4,6,一先生,G227,霍宏聲,姚本輝,124,1151.0,6.0,2.0,6664,[],0,0,0.0,,124.0
26/02/2025,跑馬地,5,第一班,1650米,"草地 - ""C"" 賽道 HK$",好地 山光讓,"HK$ 4,075,000",1.8e-08,5,1,觔斗雲,E249,黃智弘,姚本輝,128,1135.0,4.0,2.0,7775,[],0,0,0.0,1.8e-08,128.0
26/02/2025,跑馬地,5,第一班,1650米,"草地 - ""C"" 賽道 HK$",好地 山光讓,"HK$ 4,075,000",,6,9,木火兄弟,G115,楊明綸,鄭俊偉,117,1190.0,2.0,,2446,[],0,0,0.0,,117.0
26/02/2025,跑馬地,5,第一班,1650米,"草地 - ""C"" 賽道 HK$",好地 山光讓,"HK$ 4,075,000",1.2e-08,7,5,中華盛景,E379,艾道拿,告東尼,127,1093.0,9.0,4.0,3227,[],0,0,0.0,1.2e-08,127.0
26/02/2025,跑馬地,5,第一班,1650米,"草地 - ""C"" 賽道 HK$",好地 山光讓,"HK$ 4,075,000",,8,2,安遇,G236,田泰安,賀賢,131,1171.0,1.0,4.0,4338,[],0,0,0.0,,131.0
26/02/2025,跑馬地,5,第一班,1650米,"草地 - ""C"" 賽道 HK$",好地 山光讓,"HK$ 4,075,000",2.3e-08,9,8,多巴先生,G103,艾兆禮,葉楚航,119,1170.0,5.0,,8899,[],0,0,0.0,2.3e-08,119.0
26/02/2025,跑馬地,6,第四班,1200米,"草地 - ""C"" 賽道 HK$",好地 宏德讓,"HK$ 1,170,000",2.6e-08,1,1,輕功猛男,J513,奧爾民,姚本輝,135,1091.0,11.0,,881,[],1,0,1.0,2.6e-08,135.0
26/02/2025,跑馬地,6,第四班,1200米,"草地 - ""C"" 賽道 HK$",好地 宏德讓,"HK$ 1,170,000",8e-09,2,8,飛黃,J406,梁家俊,容天鵬,123,1077.0,4.0,,772,[],0,0,0.0,8e-09,123.0
26/02/2025,跑馬地,6,第四班,1200米,"草地 - ""C"" 賽道 HK$",好地 宏德讓,"HK$ 1,170,000",,3,5,勁者,J523,布文,蔡約翰,130,1145.0,10.0,,223,[],0,0,0.0,,130.0
26/02/2025,跑馬地,6,第四班,1200米,"草地 - ""C"" 賽道 HK$",好地 宏德讓,"HK$ 1,170,000",9.5e-08,4,12,小刺蛋,G458,巫顯東,巫偉傑,117,1078.0,12.0,,12124,[],0,0,0.0,9.5e-08,117.0
26/02/2025,跑馬地,6,第四班,1200米,"草地 - ""C"" 賽道 HK$",好地 宏德讓,"HK$ 1,170,000",3.1e-08,5,10,精明勇駿,G031,楊明綸,蘇偉賢,121,1115.0,5.0,3.0,455,[],0,0,0.0,3.1e-08,121.0
26/02/2025,跑馬地,6,第四班,1200米,"草地 - ""C"" 賽道 HK$",好地 宏德讓,"HK$ 1,170,000",,6,4,天天耍樂,J232,希威森,羅富全,132,1140.0,1.0,,116,[],0,0,0.0,,132.0
26/02/2025,跑馬地,6,第四班,1200米,"草地 - ""C"" 賽道 HK$",好地 宏德讓,"HK$ 1,170,000",,7,9,祥勝力駒,J181,艾兆禮,韋達,122,1113.0,7.0,,10107,[],0,0,0.0,,122.0
26/02/2025,跑馬地,6,第四班,1200米,"草地 - ""C"" 賽道 HK$",好地 宏德讓,"HK$ 1,170,000",8.7e-08,8,6,鐵甲驌龍,J459,湯普新,告東尼,129,1151.0,8.0,4.0,11118,[],0,0,0.0,8.7e-08,129.0
26/02/2025,跑馬地,6,第四班,1200米,"草地 - ""C"" 賽道 HK$",好地 宏德讓,"HK$ 1,170,000",2.2e-08,9,11,質數,J352,蔡明紹,黎昭昇,119,1135.0,3.0,,649,[],0,0,0.0,2.2e-08,119.0
26/02/2025,跑馬地,6,第四班,1200米,"草地 - ""C"" 賽道 HK$",好地 宏德讓,"HK$ 1,170,000",1.6e-08,10,3,荷花之星,J016,艾道拿,沈集成,133,1094.0,2.0,5.0,3310,[],0,0,0.0,1.6e-08,133.0
26/02/2025,跑馬地,6,第四班,1200米,"草地 - ""C"" 賽道 HK$",好地 宏德讓,"HK$ 1,170,000",,11,2,囍眼光,J261,田泰安,大衛希斯,134,1129.0,6.0,,9911,[],0,0,0.0,,134.0
26/02/2025,跑馬地,6,第四班,1200米,"草地 - ""C"" 賽道 HK$",好地 宏德讓,"HK$ 1,170,000",7.8e-08,12,7,宇宙動力,H156,賀銘年,鄭俊偉,125,1191.0,9.0,8.0,5612,[],0,0,0.0,7.8e-08,125.0
26/02/2025,跑馬地,7,第四班,1650米,"草地 - ""C"" 賽道 HK$",好地 奕蔭讓,"HK$ 1,170,000",5e-09,1,4,紅海勁,H207,霍宏聲,文家良,131,1148.0,2.0,,5441,[],1,0,1.0,5e-09,131.0
26/02/2025,跑馬地,7,第四班,1650米,"草地 - ""C"" 賽道 HK$",好地 奕蔭讓,"HK$ 1,170,000",,2,10,連連歡呼,G195,賀銘年,游達榮,119,1342.0,3.0,,4552,[],0,0,0.0,,119.0
26/02/2025,跑馬地,7,第四班,1650米,"草地 - ""C"" 賽道 HK$",好地 奕蔭讓,"HK$ 1,170,000",1.2e-08,3,8,寶成智星,J135,班德禮,丁冠豪,126,1088.0,12.0,,2333,[],0,0,0.0,1.2e-08,126.0
26/02/2025,跑馬地,7,第四班,1650米,"草地 - ""C"" 賽道 HK$",好地 奕蔭讓,"HK$ 1,170,000",,4,2,赤馬雄風,E028,布文,大衛希斯,133,1228.0,1.0,2.0,3224,[],0,0,0.0,,133.0
26/02/2025,跑馬地,7,第四班,1650米,"草地 - ""C"" 賽道 HK$",好地 奕蔭讓,"HK$ 1,170,000",1.5e-08,5,11,飛馬將軍,G189,巴度,巫偉傑,118,1067.0,5.0,,6665,[],0,0,0.0,1.5e-08,118.0
26/02/2025,跑馬地,7,第四班,1650米,"草地 - ""C"" 賽道 HK$",好地 奕蔭讓,"HK$ 1,170,000",,6,7,追風,J227,莫雅,羅富全,129,1103.0,7.0,,910106,[],0,0,0.0,,129.0
26/02/2025,跑馬地,7,第四班,1650米,"草地 - ""C"" 賽道 HK$",好地 奕蔭讓,"HK$ 1,170,000",1.2e-08,7,1,香港神駒,J266,麥當能,沈集成,133,1043.0,6.0,,8887,[],0,0,0.0,1.2e-08,133.0
26/02/2025,跑馬地,7,第四班,1650米,"草地 - ""C"" 賽道 HK$",好地 奕蔭讓,"HK$ 1,170,000",1.4e-08,8,12,綫路萬里,H475,田泰安,蘇偉賢,117,1094.0,9.0,,1118,[],0,0,0.0,1.4e-08,117.0
26/02/2025,跑馬地,7,第四班,1650米,"草地 - ""C"" 賽道 HK$",好地 奕蔭讓,"HK$ 1,170,000",,9,6,先到先得,J098,艾道拿,蔡約翰,129,1154.0,8.0,,1111129,[],0,0,0.0,,129.0
26/02/2025,跑馬地,7,第四班,1650米,"草地 - ""C"" 賽道 HK$",好地 奕蔭讓,"HK$ 1,170,000",4.5e-08,10,9,步風雷,J452,金誠剛,伍鵬志,121,1023.0,11.0,,12121110,[],0,0,0.0,4.5e-08,121.0
26/02/2025,跑馬地,7,第四班,1650米,"草地 - ""C"" 賽道 HK$",好地 奕蔭讓,"HK$ 1,170,000",4.5e-08,11,3,大力猴王,G307,艾兆禮,韋達,131,1105.0,10.0,,109911,[],0,0,0.0,4.5e-08,131.0
26/02/2025,跑馬地,7,第四班,1650米,"草地 - ""C"" 賽道 HK$",好地 奕蔭讓,"HK$ 1,170,000",1.44e-07,12,5,不假外求,J493,湯普新,黎昭昇,131,1061.0,4.0,,77712,[],0,0,0.0,1.44e-07,131.0
26/02/2025,跑馬地,8,第三班,1200米,"草地 - ""C"" 賽道 HK$",好地 成和讓,"HK$ 1,860,000",,1,2,晨曦儷人,J066,艾兆禮,伍鵬志,134,1152.0,5.0,,221,[],1,0,1.0,,134.0
26/02/2025,跑馬地,8,第三班,1200米,"草地 - ""C"" 賽道 HK$",好地 成和讓,"HK$ 1,860,000",1.1e-08,2,8,多利彩駒,J140,班德禮,廖康銘,117,1101.0,11.0,,10102,[],0,0,0.0,1.1e-08,117.0
26/02/2025,跑馬地,8,第三班,1200米,"草地 - ""C"" 賽道 HK$",好地 成和讓,"HK$ 1,860,000",,3,6,耀寶駒,H323,艾道拿,黎昭昇,125,1123.0,4.0,,443,[],0,0,0.0,,125.0
26/02/2025,跑馬地,8,第三班,1200米,"草地 - ""C"" 賽道 HK$",好地 成和讓,"HK$ 1,860,000",,4,4,家樂龍駒,H396,田泰安,賀賢,127,1046.0,6.0,,764,[],0,0,0.0,,127.0
26/02/2025,跑馬地,8,第三班,1200米,"草地 - ""C"" 賽道 HK$",好地 成和讓,"HK$ 1,860,000",4e-09,5,5,加州德至,J051,蔡明紹,巫偉傑,125,1306.0,2.0,,115,[],0,0,0.0,4e-09,125.0
26/02/2025,跑馬地,8,第三班,1200米,"草地 - ""C"" 賽道 HK$",好地 成和讓,"HK$ 1,860,000",1.1e-08,6,3,撼天鐵翼,H162,布文,韋達,132,1158.0,7.0,,556,[],0,0,0.0,1.1e-08,132.0
26/02/2025,跑馬地,8,第三班,1200米,"草地 - ""C"" 賽道 HK$",好地 成和讓,"HK$ 1,860,000",1.3e-08,7,10,花果猴王,H455,巴度,告東尼,115,1131.0,1.0,,337,[],0,0,0.0,1.3e-08,115.0
26/02/2025,跑馬地,8,第三班,1200米,"草地 - ""C"" 賽道 HK$",好地 成和讓,"HK$ 1,860,000",1.5e-08,8,7,雪勇神駒,G467,周俊樂,沈集成,121,1152.0,10.0,3.0,11118,[],0,0,0.0,1.5e-08,121.0
26/02/2025,跑馬地,8,第三班,1200米,"草地 - ""C"" 賽道 HK$",好地 成和讓,"HK$ 1,860,000",1.58e-07,9,11,建測精英,K198,湯普新,大衛希斯,115,1118.0,9.0,,999,[],0,0,0.0,1.58e-07,115.0
26/02/2025,跑馬地,8,第三班,1200米,"草地 - ""C"" 賽道 HK$",好地 成和讓,"HK$ 1,860,000",1.5e-08,10,1,魅力寶駒,G213,莫雅,蔡約翰,135,1210.0,8.0,,8810,[],0,0,0.0,1.5e-08,135.0
26/02/2025,跑馬地,8,第三班,1200米,"草地 - ""C"" 賽道 HK$",好地 成和讓,"HK$ 1,860,000",5.7e-08,11,9,新力飆,K177,楊明綸,蘇偉賢,116,1007.0,3.0,,6711,[],0,0,0.0,5.7e-08,116.0
26/02/2025,跑馬地,9,第三班,1000米,"草地 - ""C"" 賽道 HK$",好地 景光讓,"HK$ 1,860,000",4e-09,1,2,紅逸舍,H241,布文,韋達,131,1127.0,4.0,,331,[],1,0,1.0,4e-09,131.0
26/02/2025,跑馬地,9,第三班,1000米,"草地 - ""C"" 賽道 HK$",好地 景光讓,"HK$ 1,860,000",,2,5,年少多好,J082,霍宏聲,廖康銘,126,1069.0,10.0,,112,[],0,0,0.0,,126.0
26/02/2025,跑馬地,9,第三班,1000米,"草地 - ""C"" 賽道 HK$",好地 景光讓,"HK$ 1,860,000",2.1e-08,3,1,人和家興,E061,黃智弘,大衛希斯,128,1204.0,9.0,,223,[],0,0,0.0,2.1e-08,128.0
26/02/2025,跑馬地,9,第三班,1000米,"草地 - ""C"" 賽道 HK$",好地 景光讓,"HK$ 1,860,000",,4,3,連連幸運,K010,莫雅,沈集成,127,1025.0,5.0,,994,[],0,0,0.0,,127.0
26/02/2025,跑馬地,9,第三班,1000米,"草地 - ""C"" 賽道 HK$",好地 景光讓,"HK$ 1,860,000",5.5e-08,5,12,胡椒軍曹,E432,楊明綸,徐雨石,115,1184.0,1.0,,445,[],0,0,0.0,5.5e-08,115.0
26/02/2025,跑馬地,9,第三班,1000米,"草地 - ""C"" 賽道 HK$",好地 景光讓,"HK$ 1,860,000",,6,7,英雄豪邁,G394,艾兆禮,羅富全,116,1077.0,2.0,4.0,786,[],0,0,0.0,,116.0
26/02/2025,跑馬地,9,第三班,1000米,"草地 - ""C"" 賽道 HK$",好地 景光讓,"HK$ 1,860,000",,7,4,添開心,H203,艾道拿,伍鵬志,126,1178.0,6.0,,677,[],0,0,0.0,,126.0
26/02/2025,跑馬地,9,第三班,1000米,"草地 - ""C"" 賽道 HK$",好地 景光讓,"HK$ 1,860,000",1.8e-08,8,10,皇帝英明,G264,田泰安,韋達,115,1149.0,7.0,5.0,10108,[],0,0,0.0,1.8e-08,115.0
26/02/2025,跑馬地,9,第三班,1000米,"草地 - ""C"" 賽道 HK$",好地 景光讓,"HK$ 1,860,000",,9,6,英勇快車,J244,巴度,蔡約翰,116,1225.0,8.0,5.0,869,[],0,0,0.0,,116.0
26/02/2025,跑馬地,9,第三班,1000米,"草地 - ""C"" 賽道 HK$",好地 景光讓,"HK$ 1,860,000",5.8e-08,10,11,萬事得意,K171,湯普新,告東尼,115,1043.0,12.0,,121210,[],0,0,0.0,5.8e-08,115.0
26/02/2025,跑馬地,9,第三班,1000米,"草地 - ""C"" 賽道 HK$",好地 景光讓,"HK$ 1,860,000",7.6e-08,11,8,佳運發,E435,希威森,大衛希斯,117,1147.0,11.0,,111111,[],0,0,0.0,7.6e-08,117.0
26/02/2025,跑馬地,9,第三班,1000米,"草地 - ""C"" 賽道 HK$",好地 景光讓,"HK$ 1,860,000",7.2e-08,12,9,福國寶,G315,巫顯東,賀賢,113,1204.0,3.0,,5512,[],0,0,0.0,7.2e-08,113.0
02/03/2025,沙田,1,第四班,1000米,"草地 - ""B"" 賽道 HK$",好地 富泰讓,"HK$ 1,170,000",,1,9,快靚旺,K027,霍宏聲,方嘉柏,128,1059.0,4.0,,111,[],1,0,1.0,,128.0
02/03/2025,沙田,1,第四班,1000米,"草地 - ""B"" 賽道 HK$",好地 富泰讓,"HK$ 1,170,000",1e-08,2,10,金金小子,K180,蔡明紹,文家良,128,1154.0,8.0,,1292,[],0,0,0.0,1e-08,128.0
02/03/2025,沙田,1,第四班,1000米,"草地 - ""B"" 賽道 HK$",好地 富泰讓,"HK$ 1,170,000",1e-08,3,8,寶進,K249,梁家俊,巫偉傑,128,1201.0,2.0,4.0,543,[],0,0,0.0,1e-08,128.0
02/03/2025,沙田,1,第四班,1000米,"草地 - ""B"" 賽道 HK$",好地 富泰讓,"HK$ 1,170,000",1e-08,4,3,攻頂,E221,巴度,賀賢,131,1192.0,11.0,4.0,324,[],0,0,0.0,1e-08,131.0
02/03/2025,沙田,1,第四班,1000米,"草地 - ""B"" 賽道 HK$",好地 富泰讓,"HK$ 1,170,000",5e-08,5,4,做好自己,J444,金誠剛,呂健威,130,1005.0,12.0,,655,[],0,0,0.0,5e-08,130.0
02/03/2025,沙田,1,第四班,1000米,"草地 - ""B"" 賽道 HK$",好地 富泰讓,"HK$ 1,170,000",1e-08,6,1,鴻圖新星,J323,麥道朗,蔡約翰,135,1082.0,3.0,,776,[],0,0,0.0,1e-08,135.0
02/03/2025,沙田,1,第四班,1000米,"草地 - ""B"" 賽道 HK$",好地 富泰讓,"HK$ 1,170,000",1.15e-07,7,12,東方福寶,K115,潘明輝,徐雨石,121,1103.0,10.0,6.0,437,[],0,0,0.0,1.15e-07,121.0
02/03/2025,沙田,1,第四班,1000米,"草地 - ""B"" 賽道 HK$",好地 富泰讓,"HK$ 1,170,000",1.3e-08,8,13,劍無名,J547,鍾易禮,告東尼,117,1164.0,9.0,6.0,9108,[],0,0,0.0,1.3e-08,117.0
02/03/2025,沙田,1,第四班,1000米,"草地 - ""B"" 賽道 HK$",好地 富泰讓,"HK$ 1,170,000",3.1e-08,9,14,博學多財,J167,希威森,韋達,118,1076.0,13.0,,269,[],0,0,0.0,3.1e-08,118.0
02/03/2025,沙田,1,第四班,1000米,"草地 - ""B"" 賽道 HK$",好地 富泰讓,"HK$ 1,170,000",,10,5,嘉應駿馬,J439,薛恩,大衛希斯,129,1213.0,6.0,,111110,[],0,0,0.0,,129.0
02/03/2025,沙田,1,第四班,1000米,"草地 - ""B"" 賽道 HK$",好地 富泰讓,"HK$ 1,170,000",1.14e-07,11,11,神舟彎月,K119,班德禮,伍鵬志,126,1039.0,1.0,,8811,[],0,0,0.0,1.14e-07,126.0
02/03/2025,沙田,1,第四班,1000米,"草地 - ""B"" 賽道 HK$",好地 富泰讓,"HK$ 1,170,000",3.9e-08,12,6,快樂寶寶,J545,奧爾民,廖康銘,128,1043.0,5.0,,101212,[],0,0,0.0,3.9e-08,128.0
02/03/2025,沙田,1,第四班,1000米,"草地 - ""B"" 賽道 HK$",好地 富泰讓,"HK$ 1,170,000",3.3e-08,13,2,萬事快,G416,麥當能,容天鵬,131,1189.0,14.0,,141313,[],0,0,0.0,3.3e-08,131.0
02/03/2025,沙田,1,第四班,1000米,"草地 - ""B"" 賽道 HK$",好地 富泰讓,"HK$ 1,170,000",1.06e-07,14,7,鋼鐵戰士,J497,馬昆,丁冠豪,128,1163.0,7.0,,131414,[],0,0,0.0,1.06e-07,128.0
02/03/2025,沙田,2,第五班,1200米,"草地 - ""B"" 賽道 HK$",好地 龍逸讓,"HK$ 875,000",,1,11,全神貫注,H465,奧爾民,姚本輝,129,1091.0,2.0,,961,[],1,0,1.0,,129.0
02/03/2025,沙田,2,第五班,1200米,"草地 - ""B"" 賽道 HK$",好地 龍逸讓,"HK$ 875,000",3.2e-08,2,10,電路十號,G429,田泰安,蘇偉賢,130,1039.0,12.0,,13112,[],0,0,0.0,3.2e-08,130.0
02/03/2025,沙田,2,第五班,1200米,"草地 - ""B"" 賽道 HK$",好地 龍逸讓,"HK$ 875,000",1.4e-08,3,3,星運皇爵,H489,莫雷拉,方嘉柏,134,1111.0,13.0,1.0,1193,[],0,0,0.0,1.4e-08,134.0
02/03/2025,沙田,2,第五班,1200米,"草地 - ""B"" 賽道 HK$",好地 龍逸讓,"HK$ 875,000",1.7e-08,4,1,快樂奇兵,H297,布文,賀賢,135,1066.0,7.0,,114,[],0,0,0.0,1.7e-08,135.0
02/03/2025,沙田,2,第五班,1200米,"草地 - ""B"" 賽道 HK$",好地 龍逸讓,"HK$ 875,000",2.6e-08,5,14,前風,E281,潘明輝,徐雨石,117,1064.0,11.0,,775,[],0,0,0.0,2.6e-08,117.0
02/03/2025,沙田,2,第五班,1200米,"草地 - ""B"" 賽道 HK$",好地 龍逸讓,"HK$ 875,000",2.1e-08,6,12,神速馬車,H193,韋紀力,韋達,127,1111.0,10.0,3.0,14136,[],0,0,0.0,2.1e-08,127.0
02/03/2025,沙田,2,第五班,1200米,"草地 - ""B"" 賽道 HK$",好地 龍逸讓,"HK$ 875,000",1e-08,7,5,伶俐驫駒,H108,麥道朗,容天鵬,132,1124.0,14.0,3.0,557,[],0,0,0.0,1e-08,132.0
02/03/2025,沙田,2,第五班,1200米,"草地 - ""B"" 賽道 HK$",好地 龍逸讓,"HK$ 875,000",3.5e-08,8,9,木火龍駒,H292,楊明綸,鄭俊偉,131,1026.0,9.0,,328,[],0,0,0.0,3.5e-08,131.0
02/03/2025,沙田,2,第五班,1200米,"草地 - ""B"" 賽道 HK$",好地 龍逸讓,"HK$ 875,000",8e-09,9,8,可愛新星,H291,蔡明紹,葉楚航,131,1129.0,6.0,,10129,[],0,0,0.0,8e-09,131.0
02/03/2025,沙田,2,第五班,1200米,"草地 - ""B"" 賽道 HK$",好地 龍逸讓,"HK$ 875,000",1.1e-08,10,13,優悠俠,H053,梁家俊,巫偉傑,123,1120.0,1.0,5.0,6810,[],0,0,0.0,1.1e-08,123.0
02/03/2025,沙田,2,第五班,1200米,"草地 - ""B"" 賽道 HK$",好地 龍逸讓,"HK$ 875,000",,11,7,旋風飛颺,J086,莫雅,蔡約翰,131,1011.0,3.0,5.0,4311,[],0,0,0.0,,131.0
02/03/2025,沙田,2,第五班,1200米,"草地 - ""B"" 賽道 HK$",好地 龍逸讓,"HK$ 875,000",2.2e-08,12,2,綫路光驊,H487,艾兆禮,文家良,134,1179.0,8.0,,121412,[],0,0,0.0,2.2e-08,134.0
02/03/2025,沙田,2,第五班,1200米,"草地 - ""B"" 賽道 HK$",好地 龍逸讓,"HK$ 875,000",2e-08,13,4,好瑪威威,J254,希威森,呂健威,132,1079.0,5.0,,2413,[],0,0,0.0,2e-08,132.0
02/03/2025,沙田,2,第五班,1200米,"草地 - ""B"" 賽道 HK$",好地 龍逸讓,"HK$ 875,000",,14,6,隼閣,J056,馬昆,大衛希斯,131,1105.0,4.0,7.0,81014,[],0,0,0.0,,131.0
02/03/2025,沙田,3,第三班,1650米,全天候跑道 HK$,好地 安定讓,"HK$ 2,050,000",,1,11,艾莉奧,G223,黃寶妮,大衛希斯,105,1209.0,10.0,,1221,[],1,0,1.0,,105.0
02/03/2025,沙田,3,第三班,1650米,全天候跑道 HK$,好地 安定讓,"HK$ 2,050,000",1e-08,2,3,精彩動力,H120,莫雅,方嘉柏,126,1068.0,8.0,,11962,[],0,0,0.0,1e-08,126.0
02/03/2025,沙田,3,第三班,1650米,全天候跑道 HK$,好地 安定讓,"HK$ 2,050,000",,3,5,堅闖,J015,莫雷拉,伍鵬志,123,1091.0,5.0,,7773,[],0,0,0.0,,123.0
02/03/2025,沙田,3,第三班,1650米,全天候跑道 HK$,好地 安定讓,"HK$ 2,050,000",,4,6,天威,J200,楊明綸,羅富全,122,1133.0,4.0,2.0,4454,[],0,0,0.0,,122.0
02/03/2025,沙田,3,第三班,1650米,全天候跑道 HK$,好地 安定讓,"HK$ 2,050,000",,5,9,安泰,H161,韋紀力,蔡約翰,116,1050.0,6.0,,1010105,[],0,0,0.0,,116.0
02/03/2025,沙田,3,第三班,1650米,全天候跑道 HK$,好地 安定讓,"HK$ 2,050,000",2.5e-08,6,1,黃腳鱲,G326,希威森,呂健威,135,1225.0,9.0,3.0,6116,[],0,0,0.0,2.5e-08,135.0
02/03/2025,沙田,3,第三班,1650米,全天候跑道 HK$,好地 安定讓,"HK$ 2,050,000",1.1e-08,7,7,包裝明駒,J470,潘明輝,伍鵬志,118,1140.0,11.0,,9687,[],0,0,0.0,1.1e-08,118.0
02/03/2025,沙田,3,第三班,1650米,全天候跑道 HK$,好地 安定讓,"HK$ 2,050,000",6.7e-08,8,10,翠兒威威,K084,湯普新,容天鵬,115,1113.0,7.0,,811118,[],0,0,0.0,6.7e-08,115.0
02/03/2025,沙田,3,第三班,1650米,全天候跑道 HK$,好地 安定讓,"HK$ 2,050,000",7.3e-08,9,2,凱明神駒,K190,麥當能,沈集成,127,1006.0,1.0,4.0,3549,[],0,0,0.0,7.3e-08,127.0
02/03/2025,沙田,3,第三班,1650米,全天候跑道 HK$,好地 安定讓,"HK$ 2,050,000",1.24e-07,10,4,十力,K200,梁家俊,伍鵬志,124,1155.0,2.0,,23310,[],0,0,0.0,1.24e-07,124.0
02/03/2025,沙田,3,第三班,1650米,全天候跑道 HK$,好地 安定讓,"HK$ 2,050,000",,11,8,爆出美麗,K155,艾兆禮,伍鵬志,116,1128.0,3.0,,58911,[],0,0,0.0,,116.0
02/03/2025,沙田,4,第四班,1200米,"草地 - ""B"" 賽道 HK$",好地 寶田讓,"HK$ 1,170,000",,1,4,極速贏,J040,薛恩,容天鵬,132,1212.0,3.0,,881,[],1,0,1.0,,132.0
02/03/2025,沙田,4,第四班,1200米,"草地 - ""B"" 賽道 HK$",好地 寶田讓,"HK$ 1,170,000",,2,12,天下寵兒,J359,田泰安,呂健威,121,1111.0,6.0,,332,[],0,0,0.0,,121.0
02/03/2025,沙田,4,第四班,1200米,"草地 - ""B"" 賽道 HK$",好地 寶田讓,"HK$ 1,170,000",2.1e-08,3,10,鼓浪高升,J479,莫雷拉,伍鵬志,124,1127.0,9.0,,653,[],0,0,0.0,2.1e-08,124.0
02/03/2025,沙田,4,第四班,1200米,"草地 - ""B"" 賽道 HK$",好地 寶田讓,"HK$ 1,170,000",3.2e-08,4,1,拍馬難追,E234,董明朗,蘇偉賢,135,1135.0,10.0,,114,[],0,0,0.0,3.2e-08,135.0
02/03/2025,沙田,4,第四班,1200米,"草地 - ""B"" 賽道 HK$",好地 寶田讓,"HK$ 1,170,000",2.07e-07,5,6,兄弟再盈,K045,周俊樂,巫偉傑,126,1245.0,1.0,,1195,[],0,0,0.0,2.07e-07,126.0
02/03/2025,沙田,4,第四班,1200米,"草地 - ""B"" 賽道 HK$",好地 寶田讓,"HK$ 1,170,000",2.8e-08,6,9,時間寶,H403,班德禮,葉楚航,125,1142.0,11.0,2.0,576,[],0,0,0.0,2.8e-08,125.0
02/03/2025,沙田,4,第四班,1200米,"草地 - ""B"" 賽道 HK$",好地 寶田讓,"HK$ 1,170,000",4.9e-08,7,5,誠好運,H477,梁家俊,羅富全,130,1009.0,13.0,,12127,[],0,0,0.0,4.9e-08,130.0
02/03/2025,沙田,4,第四班,1200米,"草地 - ""B"" 賽道 HK$",好地 寶田讓,"HK$ 1,170,000",8.1e-08,8,2,心雄雄,J467,楊明綸,大衛希斯,135,1004.0,14.0,,14118,[],0,0,0.0,8.1e-08,135.0
02/03/2025,沙田,4,第四班,1200米,"草地 - ""B"" 賽道 HK$",好地 寶田讓,"HK$ 1,170,000",,9,3,馬鳳凰,J516,霍宏聲,游達榮,134,1096.0,2.0,,769,[],0,0,0.0,,134.0
02/03/2025,沙田,4,第四班,1200米,"草地 - ""B"" 賽道 HK$",好地 寶田讓,"HK$ 1,170,000",,10,7,激光諜影,K242,莫雅,蔡約翰,128,1194.0,8.0,4.0,4410,[],0,0,0.0,,128.0
02/03/2025,沙田,4,第四班,1200米,"草地 - ""B"" 賽道 HK$",好地 寶田讓,"HK$ 1,170,000",2.03e-07,11,13,中華威威,D075,巫顯東,徐雨石,117,1253.0,12.0,,2211,[],0,0,0.0,2.03e-07,117.0
02/03/2025,沙田,4,第四班,1200米,"草地 - ""B"" 賽道 HK$",好地 寶田讓,"HK$ 1,170,000",5.6e-08,12,8,幸運多彩,K146,潘明輝,文家良,128,1028.0,4.0,,101312,[],0,0,0.0,5.6e-08,128.0
02/03/2025,沙田,4,第四班,1200米,"草地 - ""B"" 賽道 HK$",好地 寶田讓,"HK$ 1,170,000",3.04e-07,13,11,盛載富祿,K069,希威森,韋達,124,1112.0,7.0,,131413,[],0,0,0.0,3.04e-07,124.0
02/03/2025,沙田,4,第四班,1200米,"草地 - ""B"" 賽道 HK$",好地 寶田讓,"HK$ 1,170,000",2.38e-07,14,14,美麗多盈,G477,鍾易禮,告東尼,114,1115.0,5.0,,91014,[],0,0,0.0,2.38e-07,114.0
02/03/2025,沙田,5,第四班,1400米,"草地 - ""B"" 賽道 HK$",好地 仁愛堂盃（讓,"HK$ 1,170,000",,1,12,幸運芙蓉,J047,麥道朗,姚本輝,125,1127.0,2.0,,5551,[],1,0,1.0,,125.0
02/03/2025,沙田,5,第四班,1400米,"草地 - ""B"" 賽道 HK$",好地 仁愛堂盃（讓,"HK$ 1,170,000",2.6e-08,2,4,開心五月,K016,田泰安,游達榮,131,1140.0,1.0,,2332,[],0,0,0.0,2.6e-08,131.0
02/03/2025,沙田,5,第四班,1400米,"草地 - ""B"" 賽道 HK$",好地 仁愛堂盃（讓,"HK$ 1,170,000",8.2e-08,3,6,精益大師,H134,黃寶妮,葉楚航,120,1109.0,6.0,,1113,[],0,0,0.0,8.2e-08,120.0
02/03/2025,沙田,5,第四班,1400米,"草地 - ""B"" 賽道 HK$",好地 仁愛堂盃（讓,"HK$ 1,170,000",,4,3,八仟財陞,J442,莫雷拉,羅富全,134,1053.0,4.0,,4794,[],0,0,0.0,,134.0
02/03/2025,沙田,5,第四班,1400米,"草地 - ""B"" 賽道 HK$",好地 仁愛堂盃（讓,"HK$ 1,170,000",,5,11,錶之星河,J343,梁家俊,文家良,126,1150.0,3.0,,8985,[],0,0,0.0,,126.0
02/03/2025,沙田,5,第四班,1400米,"草地 - ""B"" 賽道 HK$",好地 仁愛堂盃（讓,"HK$ 1,170,000",8.4e-08,6,7,威力非凡,K152,潘明輝,賀賢,128,1055.0,12.0,,1410106,[],0,0,0.0,8.4e-08,128.0
02/03/2025,沙田,5,第四班,1400米,"草地 - ""B"" 賽道 HK$",好地 仁愛堂盃（讓,"HK$ 1,170,000",2.2e-08,7,14,精算特殊,H354,麥當能,容天鵬,120,1088.0,5.0,,9867,[],0,0,0.0,2.2e-08,120.0
02/03/2025,沙田,5,第四班,1400米,"草地 - ""B"" 賽道 HK$",好地 仁愛堂盃（讓,"HK$ 1,170,000",2.3e-08,8,1,星運少爵,H459,黃智弘,方嘉柏,128,1176.0,9.0,,1011118,[],0,0,0.0,2.3e-08,128.0
02/03/2025,沙田,5,第四班,1400米,"草地 - ""B"" 賽道 HK$",好地 仁愛堂盃（讓,"HK$ 1,170,000",1.88e-07,9,5,陽光寶貝,J171,金誠剛,伍鵬志,131,1175.0,11.0,,3229,[],0,0,0.0,1.88e-07,131.0
02/03/2025,沙田,5,第四班,1400米,"草地 - ""B"" 賽道 HK$",好地 仁愛堂盃（讓,"HK$ 1,170,000",6.5e-08,10,2,同得威,J019,周俊樂,丁冠豪,133,1099.0,7.0,7.0,11121210,[],0,0,0.0,6.5e-08,133.0
02/03/2025,沙田,5,第四班,1400米,"草地 - ""B"" 賽道 HK$",好地 仁愛堂盃（讓,"HK$ 1,170,000",,11,10,巧眼光,J542,莫雅,蔡約翰,128,1298.0,8.0,,76711,[],0,0,0.0,,128.0
02/03/2025,沙田,5,第四班,1400米,"草地 - ""B"" 賽道 HK$",好地 仁愛堂盃（讓,"HK$ 1,170,000",5.7e-08,12,8,歡樂飛駒,J496,希威森,呂健威,128,1205.0,10.0,,64412,[],0,0,0.0,5.7e-08,128.0
02/03/2025,沙田,5,第四班,1400米,"草地 - ""B"" 賽道 HK$",好地 仁愛堂盃（讓,"HK$ 1,170,000",1.53e-07,13,9,蜜蜜送,J502,馬昆,韋達,128,1172.0,14.0,,13131413,[],0,0,0.0,1.53e-07,128.0
02/03/2025,沙田,5,第四班,1400米,"草地 - ""B"" 賽道 HK$",好地 仁愛堂盃（讓,"HK$ 1,170,000",2.19e-07,14,13,球皇,J551,湯普新,大衛希斯,121,1172.0,13.0,12.0,12141314,[],0,0,0.0,2.19e-07,121.0
02/03/2025,沙田,6,第四班,1650米,全天候跑道 HK$,好地 三聖讓,"HK$ 1,170,000",2.8e-08,1,4,有派頭,J093,黃智弘,沈集成,121,1165.0,2.0,,5431,[],1,0,1.0,2.8e-08,121.0
02/03/2025,沙田,6,第四班,1650米,全天候跑道 HK$,好地 三聖讓,"HK$ 1,170,000",,2,1,勝意,J203,麥道朗,黎昭昇,135,1125.0,13.0,,121082,[],0,0,0.0,,135.0
02/03/2025,沙田,6,第四班,1650米,全天候跑道 HK$,好地 三聖讓,"HK$ 1,170,000",1.1e-08,3,7,爆熱,G368,田泰安,伍鵬志,124,1073.0,9.0,,99103,[],0,0,0.0,1.1e-08,124.0
02/03/2025,沙田,6,第四班,1650米,全天候跑道 HK$,好地 三聖讓,"HK$ 1,170,000",1.4e-08,4,13,大利好運,H234,巴度,蔡約翰,116,1080.0,1.0,,7754,[],0,0,0.0,1.4e-08,116.0
02/03/2025,沙田,6,第四班,1650米,全天候跑道 HK$,好地 三聖讓,"HK$ 1,170,000",,5,3,天時明駒,H016,霍宏聲,大衛希斯,128,1102.0,3.0,,1115,[],0,0,0.0,,128.0
02/03/2025,沙田,6,第四班,1650米,全天候跑道 HK$,好地 三聖讓,"HK$ 1,170,000",,6,8,波爾多,E273,莫雅,蔡約翰,123,1090.0,8.0,,1011116,[],0,0,0.0,,123.0
02/03/2025,沙田,6,第四班,1650米,全天候跑道 HK$,好地 三聖讓,"HK$ 1,170,000",,7,9,歡喜福星,G354,莫雷拉,方嘉柏,123,1034.0,7.0,,2227,[],0,0,0.0,,123.0
02/03/2025,沙田,6,第四班,1650米,全天候跑道 HK$,好地 三聖讓,"HK$ 1,170,000",3e-08,8 平頭馬,2,歡樂老撾,H432,梁家俊,姚本輝,133,1022.0,6.0,6.0,8878,[],0,0,0.0,3e-08,133.0
02/03/2025,沙田,6,第四班,1650米,全天候跑道 HK$,好地 三聖讓,"HK$ 1,170,000",3.6e-08,8 平頭馬,14,辰速密碼,J430,艾兆禮,巫偉傑,116,1096.0,12.0,6.0,1112138,[],0,0,0.0,3.6e-08,116.0
02/03/2025,沙田,6,第四班,1650米,全天候跑道 HK$,好地 三聖讓,"HK$ 1,170,000",2.1e-08,10,11,閃耀威龍,G427,潘明輝,文家良,120,1070.0,11.0,,45610,[],0,0,0.0,2.1e-08,120.0
02/03/2025,沙田,6,第四班,1650米,全天候跑道 HK$,好地 三聖讓,"HK$ 1,170,000",1.4e-08,11,6,翠湖烈風,J288,布文,賀賢,125,1055.0,5.0,7.0,33411,[],0,0,0.0,1.4e-08,125.0
02/03/2025,沙田,6,第四班,1650米,全天候跑道 HK$,好地 三聖讓,"HK$ 1,170,000",3.7e-08,12,5,勇晉當銳,H425,艾道拿,游達榮,125,1066.0,14.0,,14131212,[],0,0,0.0,3.7e-08,125.0
02/03/2025,沙田,6,第四班,1650米,全天候跑道 HK$,好地 三聖讓,"HK$ 1,170,000",6.9e-08,13,10,銀皇興標,H420,鍾易禮,羅富全,118,1182.0,10.0,,13141413,[],0,0,0.0,6.9e-08,118.0
02/03/2025,沙田,6,第四班,1650米,全天候跑道 HK$,好地 三聖讓,"HK$ 1,170,000",1.9e-08,14,12,加州星馳,J123,湯普新,告東尼,119,1167.0,4.0,,66914,[],0,0,0.0,1.9e-08,119.0
02/03/2025,沙田,7,,1800米,"草地 - ""B"" 賽道 HK$",好地至快地 香港經典盃,"HK$ 13,000,000",1.4e-08,1,3,球星,H412,艾道拿,大衛希斯,126,1111.0,8.0,,131411121,[],1,0,1.0,1.4e-08,126.0
02/03/2025,沙田,7,,1800米,"草地 - ""B"" 賽道 HK$",好地至快地 香港經典盃,"HK$ 13,000,000",,2,1,祝願,J256,霍宏聲,廖康銘,126,992.0,9.0,,35652,[],0,0,0.0,,126.0
02/03/2025,沙田,7,,1800米,"草地 - ""B"" 賽道 HK$",好地至快地 香港經典盃,"HK$ 13,000,000",1.6e-08,3,5,玩笑,K014,田泰安,伍鵬志,126,1163.0,4.0,,121212103,[],0,0,0.0,1.6e-08,126.0
02/03/2025,沙田,7,,1800米,"草地 - ""B"" 賽道 HK$",好地至快地 香港經典盃,"HK$ 13,000,000",,4,11,包裝福星,J454,莫雷拉,呂健威,126,1098.0,1.0,,881084,[],0,0,0.0,,126.0
02/03/2025,沙田,7,,1800米,"草地 - ""B"" 賽道 HK$",好地至快地 香港經典盃,"HK$ 13,000,000",3.8e-08,5,13,遙遙領先,J263,希威森,呂健威,126,1082.0,6.0,3.0,66775,[],0,0,0.0,3.8e-08,126.0
02/03/2025,沙田,7,,1800米,"草地 - ""B"" 賽道 HK$",好地至快地 香港經典盃,"HK$ 13,000,000",,6,6,桃花開,J301,麥道朗,告東尼,126,1054.0,7.0,,77996,[],0,0,0.0,,126.0
02/03/2025,沙田,7,,1800米,"草地 - ""B"" 賽道 HK$",好地至快地 香港經典盃,"HK$ 13,000,000",,7,2,包裝天將,J277,薛恩,呂健威,126,1105.0,13.0,,13567,[],0,0,0.0,,126.0
02/03/2025,沙田,7,,1800米,"草地 - ""B"" 賽道 HK$",好地至快地 香港經典盃,"HK$ 13,000,000",1.4e-08,8,10,加州動員,H418,巴度,告東尼,126,1057.0,14.0,,52228,[],0,0,0.0,1.4e-08,126.0
02/03/2025,沙田,7,,1800米,"草地 - ""B"" 賽道 HK$",好地至快地 香港經典盃,"HK$ 13,000,000",2.2e-08,9,9,百賀飛駒,K021,韋紀力,呂健威,126,1071.0,10.0,4.0,24449,[],0,0,0.0,2.2e-08,126.0
02/03/2025,沙田,7,,1800米,"草地 - ""B"" 賽道 HK$",好地至快地 香港經典盃,"HK$ 13,000,000",2.1e-08,10,4,開心寶寶,J142,馬昆,呂健威,126,1135.0,11.0,5.0,1413141410,[],0,0,0.0,2.1e-08,126.0
02/03/2025,沙田,7,,1800米,"草地 - ""B"" 賽道 HK$",好地至快地 香港經典盃,"HK$ 13,000,000",1.29e-07,11,12,驥跑得,K206,梁家俊,大衛希斯,126,1117.0,3.0,,1110131311,[],0,0,0.0,1.29e-07,126.0
02/03/2025,沙田,7,,1800米,"草地 - ""B"" 賽道 HK$",好地至快地 香港經典盃,"HK$ 13,000,000",1.8e-08,12,14,信心星,J161,布文,方嘉柏,126,1175.0,2.0,,993312,[],0,0,0.0,1.8e-08,126.0
02/03/2025,沙田,7,,1800米,"草地 - ""B"" 賽道 HK$",好地至快地 香港經典盃,"HK$ 13,000,000",1.3e-08,13,8,優才,J536,艾兆禮,葉楚航,126,1061.0,12.0,,411113,[],0,0,0.0,1.3e-08,126.0
02/03/2025,沙田,7,,1800米,"草地 - ""B"" 賽道 HK$",好地至快地 香港經典盃,"HK$ 13,000,000",1.8e-08,14,7,米奇,K082,莫雅,蔡約翰,126,1194.0,5.0,,101181114,[],0,0,0.0,1.8e-08,126.0
02/03/2025,沙田,7,,1800米,"草地 - ""B"" 賽道 HK$",好地至快地 香港經典盃,"HK$ 13,000,000",,WV,,浪漫戰神,K012,---,沈集成,126,,,,---,[],0,0,0.0,,130.5
02/03/2025,沙田,8,第二班,1400米,"草地 - ""B"" 賽道 HK$",好地至快地 大興讓,"HK$ 2,840,000",,1,4,競駿輝煌,J195,艾道拿,蔡約翰,124,1113.0,6.0,,10751,[],1,0,1.0,,124.0
02/03/2025,沙田,8,第二班,1400米,"草地 - ""B"" 賽道 HK$",好地至快地 大興讓,"HK$ 2,840,000",3.4e-08,2,1,健康愉快,D435,黃智弘,羅富全,128,1192.0,7.0,,2212,[],0,0,0.0,3.4e-08,128.0
02/03/2025,沙田,8,第二班,1400米,"草地 - ""B"" 賽道 HK$",好地至快地 大興讓,"HK$ 2,840,000",4e-09,3,5,舞林密碼,G365,莫雅,方嘉柏,123,1038.0,4.0,2.0,8673,[],0,0,0.0,4e-09,123.0
02/03/2025,沙田,8,第二班,1400米,"草地 - ""B"" 賽道 HK$",好地至快地 大興讓,"HK$ 2,840,000",1.5e-08,4,7,亞機拉,H113,巴度,告東尼,117,1062.0,1.0,2.0,6444,[],0,0,0.0,1.5e-08,117.0
02/03/2025,沙田,8,第二班,1400米,"草地 - ""B"" 賽道 HK$",好地至快地 大興讓,"HK$ 2,840,000",1e-08,5,2,潮州精神,H175,梁家俊,文家良,128,1206.0,11.0,,71095,[],0,0,0.0,1e-08,128.0
02/03/2025,沙田,8,第二班,1400米,"草地 - ""B"" 賽道 HK$",好地至快地 大興讓,"HK$ 2,840,000",,6,11,鑽石星空,J275,田泰安,徐雨石,115,1218.0,2.0,,4336,[],0,0,0.0,,115.0
02/03/2025,沙田,8,第二班,1400米,"草地 - ""B"" 賽道 HK$",好地至快地 大興讓,"HK$ 2,840,000",2.4e-08,7,9,愛馬善,H155,楊明綸,鄭俊偉,115,1144.0,5.0,3.0,1127,[],0,0,0.0,2.4e-08,115.0
02/03/2025,沙田,8,第二班,1400米,"草地 - ""B"" 賽道 HK$",好地至快地 大興讓,"HK$ 2,840,000",5e-08,8,6,飛輪步,H122,希威森,容天鵬,119,1175.0,9.0,,9988,[],0,0,0.0,5e-08,119.0
02/03/2025,沙田,8,第二班,1400米,"草地 - ""B"" 賽道 HK$",好地至快地 大興讓,"HK$ 2,840,000",6.6e-08,9,10,開心勇駒,H451,鍾易禮,告東尼,112,1162.0,8.0,,58109,[],0,0,0.0,6.6e-08,112.0
02/03/2025,沙田,8,第二班,1400米,"草地 - ""B"" 賽道 HK$",好地至快地 大興讓,"HK$ 2,840,000",1.8e-08,10,3,齋月,K309,布文,廖康銘,125,1070.0,3.0,,11111110,[],0,0,0.0,1.8e-08,125.0
02/03/2025,沙田,8,第二班,1400米,"草地 - ""B"" 賽道 HK$",好地至快地 大興讓,"HK$ 2,840,000",4.8e-08,11,8,九五赤兔,H257,黃寶妮,韋達,105,1113.0,10.0,,35611,[],0,0,0.0,4.8e-08,105.0
02/03/2025,沙田,9,第三班,2000米,"草地 - ""B"" 賽道 HK$",好地至快地 欣田讓,"HK$ 2,050,000",7e-09,1,11,安可,K252,艾道拿,蔡約翰,120,1073.0,9.0,,101212121,[],1,0,1.0,7e-09,120.0
02/03/2025,沙田,9,第三班,2000米,"草地 - ""B"" 賽道 HK$",好地至快地 欣田讓,"HK$ 2,050,000",,2,7,和平波,J245,蔡明紹,巫偉傑,128,1098.0,3.0,,12322,[],0,0,0.0,,128.0
02/03/2025,沙田,9,第三班,2000米,"草地 - ""B"" 賽道 HK$",好地至快地 欣田讓,"HK$ 2,050,000",,3,10,一支箭,H276,田泰安,賀賢,122,1029.0,1.0,,33553,[],0,0,0.0,,122.0
02/03/2025,沙田,9,第三班,2000米,"草地 - ""B"" 賽道 HK$",好地至快地 欣田讓,"HK$ 2,050,000",1e-08,4,8,時時精準,K037,莫雅,游達榮,124,1084.0,12.0,3.0,21114,[],0,0,0.0,1e-08,124.0
02/03/2025,沙田,9,第三班,2000米,"草地 - ""B"" 賽道 HK$",好地至快地 欣田讓,"HK$ 2,050,000",3.7e-08,5,12,俊才,K013,班德禮,蘇偉賢,119,1192.0,8.0,,9111095,[],0,0,0.0,3.7e-08,119.0
02/03/2025,沙田,9,第三班,2000米,"草地 - ""B"" 賽道 HK$",好地至快地 欣田讓,"HK$ 2,050,000",,6,14,綠色巨人,K095,韋紀力,廖康銘,117,1313.0,7.0,,84236,[],0,0,0.0,,117.0
02/03/2025,沙田,9,第三班,2000米,"草地 - ""B"" 賽道 HK$",好地至快地 欣田讓,"HK$ 2,050,000",1e-08,7,2,精英雄心,J136,薛恩,廖康銘,135,1210.0,11.0,,127667,[],0,0,0.0,1e-08,135.0
02/03/2025,沙田,9,第三班,2000米,"草地 - ""B"" 賽道 HK$",好地至快地 欣田讓,"HK$ 2,050,000",1.8e-08,8,5,桃花雲,H139,麥道朗,告東尼,131,1069.0,5.0,6.0,689118,[],0,0,0.0,1.8e-08,131.0
02/03/2025,沙田,9,第三班,2000米,"草地 - ""B"" 賽道 HK$",好地至快地 欣田讓,"HK$ 2,050,000",3e-08,9,4,包裝創新,K085,莫雷拉,伍鵬志,133,1051.0,10.0,6.0,119889,[],0,0,0.0,3e-08,133.0
02/03/2025,沙田,9,第三班,2000米,"草地 - ""B"" 賽道 HK$",好地至快地 欣田讓,"HK$ 2,050,000",5.2e-08,10,3,清雲龍駒,K160,潘明輝,賀賢,133,1112.0,2.0,,567710,[],0,0,0.0,5.2e-08,133.0
02/03/2025,沙田,9,第三班,2000米,"草地 - ""B"" 賽道 HK$",好地至快地 欣田讓,"HK$ 2,050,000",,11,6,恒之有道,K158,馬昆,伍鵬志,129,1035.0,6.0,,454411,[],0,0,0.0,,129.0
02/03/2025,沙田,9,第三班,2000米,"草地 - ""B"" 賽道 HK$",好地至快地 欣田讓,"HK$ 2,050,000",5.2e-08,12,13,志敏將星,J189,艾兆禮,游達榮,118,1043.0,4.0,7.0,710111012,[],0,0,0.0,5.2e-08,118.0
02/03/2025,沙田,9,第三班,2000米,"草地 - ""B"" 賽道 HK$",好地至快地 欣田讓,"HK$ 2,050,000",,WV,1,浪漫戰神,K012,霍宏聲,沈集成,135,,,,---,[],0,0,0.0,,130.5
02/03/2025,沙田,9,第三班,2000米,"草地 - ""B"" 賽道 HK$",好地至快地 欣田讓,"HK$ 2,050,000",,WV,9,共享富裕,J390,布文,方嘉柏,124,,,,---,[],0,0,0.0,,124.0
02/03/2025,沙田,10,第三班,1200米,"草地 - ""B"" 賽道 HK$",好地至快地 友愛讓,"HK$ 1,860,000",,1,1,舉步生風,J358,麥道朗,葉楚航,135,1163.0,9.0,,871,[],1,0,1.0,,135.0
02/03/2025,沙田,10,第三班,1200米,"草地 - ""B"" 賽道 HK$",好地至快地 友愛讓,"HK$ 1,860,000",,2,2,輝煌精英,H311,梁家俊,丁冠豪,133,1209.0,4.0,,112,[],0,0,0.0,,133.0
02/03/2025,沙田,10,第三班,1200米,"草地 - ""B"" 賽道 HK$",好地至快地 友愛讓,"HK$ 1,860,000",,3,5,真心傳奇,J325,莫雅,蔡約翰,121,971.0,5.0,,653,[],0,0,0.0,,121.0
02/03/2025,沙田,10,第三班,1200米,"草地 - ""B"" 賽道 HK$",好地至快地 友愛讓,"HK$ 1,860,000",2.5e-08,4,8,翠紅,K173,希威森,廖康銘,117,1084.0,8.0,,224,[],0,0,0.0,2.5e-08,117.0
02/03/2025,沙田,10,第三班,1200米,"草地 - ""B"" 賽道 HK$",好地至快地 友愛讓,"HK$ 1,860,000",,5,3,龍之輝,H410,莫雷拉,呂健威,132,1199.0,1.0,,335,[],0,0,0.0,,132.0
02/03/2025,沙田,10,第三班,1200米,"草地 - ""B"" 賽道 HK$",好地至快地 友愛讓,"HK$ 1,860,000",5.7e-08,6,10,艾彼奧,K193,黃寶妮,大衛希斯,105,1119.0,2.0,6.0,796,[],0,0,0.0,5.7e-08,105.0
02/03/2025,沙田,10,第三班,1200米,"草地 - ""B"" 賽道 HK$",好地至快地 友愛讓,"HK$ 1,860,000",8.8e-08,7,6,手到齊來,J531,鍾易禮,伍鵬志,116,1202.0,6.0,,447,[],0,0,0.0,8.8e-08,116.0
02/03/2025,沙田,10,第三班,1200米,"草地 - ""B"" 賽道 HK$",好地至快地 友愛讓,"HK$ 1,860,000",2e-08,8,7,正氣青驅,H059,巴度,告東尼,118,1184.0,10.0,,988,[],0,0,0.0,2e-08,118.0
02/03/2025,沙田,10,第三班,1200米,"草地 - ""B"" 賽道 HK$",好地至快地 友愛讓,"HK$ 1,860,000",1.4e-08,9,9,熾烈神駒,J157,潘明輝,沈集成,115,1266.0,7.0,,569,[],0,0,0.0,1.4e-08,115.0
02/03/2025,沙田,10,第三班,1200米,"草地 - ""B"" 賽道 HK$",好地至快地 友愛讓,"HK$ 1,860,000",,10,11,喵喵怪,J487,艾兆禮,巫偉傑,116,1092.0,3.0,,101010,[],0,0,0.0,,116.0
02/03/2025,沙田,10,第三班,1200米,"草地 - ""B"" 賽道 HK$",好地至快地 友愛讓,"HK$ 1,860,000",,WV,4,耀寶,J437,霍宏聲,羅富全,128,,,,---,[],0,0,0.0,,128.0
